{"cameraMode":{"drawMode":0,"name":"Shaded","section":"Shading Mode"},"sceneLighting":false,"audioPlay":false,"sceneViewState":{"showFog":true,"showMaterialUpdate":false,"showSkybox":true,"showFlares":true,"showImageEffects":true,"showParticleSystems":true},"in2DMode":false,"pivot":{"x":1.815000057220459,"y":-0.30000001192092898,"z":0.0},"rotation":{"x":0.09194937348365784,"y":-0.016724983230233194,"z":0.001536982017569244,"w":0.9956220984458923},"size":8.770768165588379,"orthographic":false}